ReservationID,StartDate,EndDate,CreditCost,isActive,RoomID,AccountID
00000001,2004-04-26,2020-12-23,41731,1,00000001,00000072
00000002,2002-08-02,2017-04-25,7490,1,00000002,00000623
00000003,2002-01-15,2019-04-28,712,1,00000003,00000118
00000004,2005-02-02,2020-07-17,19424,0,00000004,00000845
00000005,2000-11-14,2017-11-14,15333,1,00000005,00000511
00000006,2002-05-29,2015-05-06,44401,1,00000006,00000679
00000007,2009-01-01,2021-04-21,11975,0,00000007,00000411
00000008,2003-06-26,2019-06-28,28777,1,00000008,00000626
00000009,2007-01-23,2019-09-04,11863,0,00000009,00000055
00000010,2005-09-26,2014-03-31,38703,1,00000010,00000017
00000011,2002-09-17,2019-02-16,1553,0,00000011,00000305
00000012,2004-03-04,2016-09-24,36700,1,00000012,00000444
00000013,2007-11-23,2021-01-09,46324,1,00000013,00000410
00000014,2002-07-20,2014-06-30,41852,0,00000014,00000806
00000015,2002-04-04,2018-06-10,8622,1,00000015,00000015
00000016,2007-07-26,2021-05-19,35135,0,00000016,00000261
00000017,2004-12-31,2018-03-18,38597,1,00000017,00000270
00000018,2003-08-01,2015-12-15,12942,0,00000018,00000379
00000019,2006-07-11,2010-03-29,47643,1,00000019,00000942
00000020,2007-02-03,2020-08-08,411,1,00000020,00000159
00000021,2005-08-20,2014-08-29,45302,1,00000021,00000960
00000022,2005-07-03,2020-04-25,1938,0,00000022,00000614
00000023,2000-04-06,2017-10-21,44825,0,00000023,00000731
00000024,2006-08-07,2010-08-03,28028,0,00000024,00000006
00000025,2002-01-15,2012-10-07,14667,0,00000025,00000398
00000026,2001-10-25,2018-10-06,14797,0,00000026,00000758
00000027,2003-11-13,2016-08-13,902,0,00000027,00000263
00000028,2002-10-08,2021-11-12,3092,0,00000028,00000628
00000029,2000-09-23,2020-02-05,14855,1,00000029,00000700
00000030,2003-11-07,2017-07-31,35889,0,00000030,00000987
00000031,2003-12-04,2018-10-28,592,1,00000031,00000190
00000032,2000-03-17,2019-10-18,37413,1,00000032,00000552
00000033,2006-01-07,2015-02-27,47171,1,00000033,00000546
00000034,2001-01-13,2016-01-11,38934,0,00000034,00000561
00000035,2009-01-23,2015-01-06,42844,1,00000035,00000637
00000036,2004-06-18,2010-04-05,18812,0,00000036,00000653
00000037,2005-07-15,2021-12-10,43409,1,00000037,00000703
00000038,2005-05-16,2022-04-10,6193,1,00000038,00000019
00000039,2001-05-23,2013-07-20,46430,1,00000039,00000055
00000040,2008-10-29,2014-11-07,7730,0,00000040,00000079
00000041,2006-03-30,2016-09-16,827,1,00000041,00000097
00000042,2001-03-06,2018-06-28,19349,1,00000042,00000689
00000043,2009-08-22,2013-12-15,10540,1,00000043,00000485
00000044,2004-02-17,2013-02-25,17385,0,00000044,00000394
00000045,2008-02-05,2011-02-02,6472,1,00000045,00000538
00000046,2002-08-24,2020-04-16,10056,1,00000046,00000967
00000047,2000-09-25,2013-03-08,18696,1,00000047,00000337
00000048,2002-02-21,2010-10-30,33732,1,00000048,00000170
00000049,2008-06-27,2014-11-28,44222,0,00000049,00000679
00000050,2006-05-23,2020-08-27,5215,1,00000050,00000918
00000051,2003-02-19,2011-05-18,5729,0,00000051,00000349
00000052,2003-09-08,2011-03-10,12523,1,00000052,00000528
00000053,2002-09-01,2012-01-07,48444,0,00000053,00000285
00000054,2001-04-16,2021-07-04,31477,1,00000054,00000183
00000055,2004-01-05,2012-03-18,16003,1,00000055,00000059
00000056,2001-07-12,2017-06-18,6430,1,00000056,00000099
00000057,2002-12-15,2018-06-24,18972,0,00000057,00000714
00000058,2009-09-14,2013-01-28,20424,1,00000058,00000106
00000059,2004-11-28,2017-09-30,48633,0,00000059,00000421
00000060,2009-08-21,2010-01-16,46041,1,00000060,00000594
00000061,2009-09-21,2018-01-02,959,0,00000061,00000029
00000062,2006-02-04,2020-12-25,21649,1,00000062,00000056
00000063,2007-09-22,2012-05-05,27918,1,00000063,00000310
00000064,2006-07-09,2014-12-28,36969,1,00000064,00000083
00000065,2009-03-01,2011-09-26,16748,0,00000065,00000448
00000066,2003-12-29,2016-05-28,5587,1,00000066,00000359
00000067,2007-02-21,2015-12-25,14123,1,00000067,00000915
00000068,2005-07-31,2017-03-11,29924,1,00000068,00000182
00000069,2008-09-22,2019-09-22,35681,1,00000069,00000895
00000070,2003-10-27,2018-03-27,8252,0,00000070,00000624
00000071,2007-01-13,2012-08-02,13171,0,00000071,00000421
00000072,2003-05-27,2021-05-10,22128,1,00000072,00000888
00000073,2004-05-26,2015-10-13,18547,1,00000073,00000503
00000074,2004-12-20,2017-09-20,24447,0,00000074,00000456
00000075,2008-01-01,2012-12-18,4351,1,00000075,00000570
00000076,2003-08-05,2014-08-18,39047,1,00000076,00000870
00000077,2001-12-07,2011-11-24,43244,1,00000077,00000395
00000078,2004-07-15,2015-09-30,25923,0,00000078,00000626
00000079,2003-10-15,2013-11-29,16739,0,00000079,00000395
00000080,2002-09-01,2020-05-10,46241,0,00000080,00000698
00000081,2003-02-21,2011-05-24,18091,1,00000081,00000586
00000082,2001-08-11,2022-01-03,34090,0,00000082,00000775
00000083,2002-08-29,2012-06-27,30014,1,00000083,00000101
00000084,2008-10-07,2021-01-31,19923,1,00000084,00000537
00000085,2005-01-22,2018-05-06,16077,0,00000085,00000117
00000086,2007-04-19,2015-09-15,9097,1,00000086,00000107
00000087,2006-03-13,2017-05-05,18284,0,00000087,00000834
00000088,2004-05-17,2010-10-12,23043,1,00000088,00000507
00000089,2009-03-20,2019-04-12,48489,1,00000089,00000900
00000090,2001-10-17,2022-01-07,27225,0,00000090,00000550
00000091,2006-11-05,2013-03-20,10087,0,00000091,00000963
00000092,2003-08-25,2017-12-07,507,1,00000092,00000146
00000093,2005-10-27,2016-01-06,16277,1,00000093,00000931
00000094,2008-04-05,2018-10-12,26257,1,00000094,00000752
00000095,2003-11-29,2016-10-13,24869,0,00000095,00000806
00000096,2003-12-01,2017-06-18,49225,0,00000096,00000032
00000097,2005-10-14,2010-10-19,49447,1,00000097,00000059
00000098,2007-08-09,2010-09-26,19930,1,00000098,00000305
00000099,2000-07-19,2011-05-07,35517,1,00000099,00000982
00000100,2001-11-09,2022-02-09,10021,0,00000100,00000432
00000101,2009-07-29,2017-03-02,31984,1,00000101,00000569
00000102,2008-12-09,2017-04-17,19457,1,00000102,00000447
00000103,2000-12-23,2021-06-23,1434,1,00000103,00000195
00000104,2000-05-19,2021-04-17,20117,0,00000104,00000756
00000105,2005-11-15,2020-01-28,23856,0,00000105,00000079
00000106,2000-11-07,2019-06-14,28495,0,00000106,00000536
00000107,2006-10-16,2013-10-06,36941,1,00000107,00000549
00000108,2002-01-02,2018-04-29,21322,0,00000108,00000336
00000109,2002-11-26,2012-07-05,39625,0,00000109,00000687
00000110,2004-12-15,2012-10-21,30884,1,00000110,00000130
00000111,2000-05-22,2010-09-09,154,0,00000111,00000511
00000112,2005-11-07,2021-01-31,27133,1,00000112,00000655
00000113,2008-02-07,2021-03-24,32560,0,00000113,00000065
00000114,2003-08-24,2010-09-27,7771,1,00000114,00000956
00000115,2007-04-08,2016-04-12,41411,1,00000115,00000785
00000116,2006-05-01,2010-01-30,30813,0,00000116,00000632
00000117,2002-05-27,2011-11-26,46737,1,00000117,00000978
00000118,2007-10-12,2015-02-27,5747,1,00000118,00000896
00000119,2006-07-01,2017-08-25,27892,1,00000119,00000401
00000120,2000-09-28,2013-07-07,36215,0,00000120,00000183
00000121,2008-08-18,2015-02-26,21308,0,00000121,00000621
00000122,2009-08-19,2018-10-24,30400,1,00000122,00000877
00000123,2001-09-19,2013-03-11,37313,1,00000123,00000494
00000124,2005-04-06,2015-11-10,40566,0,00000124,00000276
00000125,2005-08-29,2019-05-13,12203,1,00000125,00000857
00000126,2006-06-24,2015-02-20,293,0,00000126,00000653
00000127,2008-10-13,2011-12-13,15089,0,00000127,00000448
00000128,2005-01-31,2014-03-13,30199,1,00000128,00000782
00000129,2000-10-05,2018-11-23,25681,0,00000129,00000610
00000130,2007-05-31,2021-05-28,8799,0,00000130,00000202
00000131,2008-05-17,2020-01-08,1035,0,00000131,00000212
00000132,2006-02-22,2011-08-09,23979,1,00000132,00000266
00000133,2008-01-30,2014-04-13,15983,0,00000133,00000391
00000134,2003-05-22,2020-09-22,41321,1,00000134,00000007
00000135,2005-08-18,2015-05-20,19186,0,00000135,00000567
00000136,2005-01-17,2016-01-11,17685,0,00000136,00000925
00000137,2001-01-31,2019-11-19,39404,0,00000137,00000528
00000138,2007-12-06,2021-12-21,47666,1,00000138,00000275
00000139,2008-04-04,2012-04-17,13818,0,00000139,00000497
00000140,2000-08-31,2011-06-29,40507,1,00000140,00000530
00000141,2000-10-26,2012-01-27,33152,1,00000141,00000410
00000142,2001-08-16,2016-09-27,37410,1,00000142,00000884
00000143,2008-06-26,2011-07-30,29561,0,00000143,00000701
00000144,2005-08-07,2013-04-30,38477,0,00000144,00000018
00000145,2002-12-01,2014-02-12,21608,1,00000145,00000033
00000146,2006-09-30,2012-02-11,4141,1,00000146,00000416
00000147,2005-08-03,2014-04-19,24923,0,00000147,00000974
00000148,2004-03-16,2021-11-14,17407,0,00000148,00000656
00000149,2002-02-18,2011-06-06,35347,0,00000149,00000584
00000150,2004-08-02,2021-09-08,16081,1,00000150,00000570
00000151,2004-06-29,2022-02-09,19124,1,00000151,00000906
00000152,2004-10-06,2021-09-27,44652,0,00000152,00000572
00000153,2007-06-22,2010-04-24,92,0,00000153,00000216
00000154,2007-02-10,2021-07-30,34577,0,00000154,00000037
00000155,2005-06-12,2010-10-12,9628,0,00000155,00000413
00000156,2005-09-18,2015-05-15,13342,1,00000156,00000815
00000157,2000-01-27,2021-04-21,43803,0,00000157,00000888
00000158,2003-06-18,2011-02-11,27397,0,00000158,00000403
00000159,2001-04-06,2019-04-24,32363,0,00000159,00000932
00000160,2008-08-04,2011-02-09,33917,1,00000160,00000850
00000161,2006-04-03,2012-05-02,26758,0,00000161,00000594
00000162,2004-09-23,2011-11-03,48049,1,00000162,00000481
00000163,2005-03-18,2015-10-12,42431,1,00000163,00000729
00000164,2001-11-17,2013-04-12,9456,1,00000164,00000891
00000165,2000-05-15,2016-05-05,21869,1,00000165,00000936
00000166,2007-10-08,2019-10-11,3634,1,00000166,00000603
00000167,2008-09-26,2013-08-31,21844,0,00000167,00000733
00000168,2001-04-13,2021-12-08,11636,1,00000168,00000902
00000169,2003-01-17,2017-12-22,17554,1,00000169,00000504
00000170,2001-07-29,2014-08-16,1090,1,00000170,00000001
00000171,2008-11-27,2012-04-20,3765,1,00000171,00000823
00000172,2004-03-25,2014-08-27,23755,1,00000172,00000632
00000173,2003-04-18,2022-01-09,3206,1,00000173,00000320
00000174,2001-11-07,2021-02-07,28766,0,00000174,00000253
00000175,2004-06-13,2014-11-26,7032,1,00000175,00000853
00000176,2000-08-14,2018-06-23,26695,1,00000176,00000444
00000177,2008-11-13,2020-12-15,43198,1,00000177,00000579
00000178,2005-10-31,2010-01-03,25608,0,00000178,00000560
00000179,2005-04-01,2021-05-29,27259,1,00000179,00000473
00000180,2007-09-17,2016-07-22,4667,1,00000180,00000018
00000181,2005-09-08,2012-10-16,39791,0,00000181,00000503
00000182,2000-05-31,2012-01-27,47382,1,00000182,00000857
00000183,2000-12-28,2020-08-21,18036,0,00000183,00000385
00000184,2001-11-28,2020-07-12,19416,1,00000184,00000643
00000185,2009-12-12,2014-08-31,37666,0,00000185,00000825
00000186,2002-03-21,2017-11-03,23468,0,00000186,00000065
00000187,2009-03-25,2015-10-12,18837,1,00000187,00000783
00000188,2006-03-13,2013-11-08,8612,0,00000188,00000979
00000189,2002-10-27,2012-01-29,9915,1,00000189,00000698
00000190,2006-10-15,2021-01-10,14796,0,00000190,00000398
00000191,2003-05-25,2013-02-02,35515,0,00000191,00000406
00000192,2005-11-04,2010-10-24,30531,0,00000192,00000463
00000193,2001-04-22,2018-08-04,8846,1,00000193,00000553
00000194,2008-12-09,2015-08-20,30581,1,00000194,00000213
00000195,2001-03-11,2016-07-28,8050,0,00000195,00000776
00000196,2009-04-07,2015-09-14,19144,0,00000196,00000420
00000197,2003-04-29,2017-07-06,6329,0,00000197,00000670
00000198,2000-11-30,2010-02-02,19240,0,00000198,00000468
00000199,2004-01-05,2014-10-13,39149,0,00000199,00000271
00000200,2008-10-17,2022-03-09,28196,1,00000200,00000517
00000201,2001-01-15,2015-06-18,10860,1,00000201,00000364
00000202,2006-01-08,2022-02-02,8190,0,00000202,00000113
00000203,2006-05-18,2014-09-29,48135,0,00000203,00000924
00000204,2004-10-09,2017-03-27,17571,0,00000204,00000154
00000205,2000-06-29,2016-11-12,23942,0,00000205,00000873
00000206,2009-06-01,2016-03-15,3258,0,00000206,00000719
00000207,2003-05-29,2012-03-08,6512,1,00000207,00000974
00000208,2006-07-25,2019-09-29,29209,0,00000208,00000891
00000209,2008-03-26,2016-05-12,23610,1,00000209,00000715
00000210,2001-01-31,2010-01-03,10000,0,00000210,00000162
00000211,2003-04-06,2021-08-30,15189,0,00000211,00000957
00000212,2002-04-22,2021-05-09,40965,1,00000212,00000400
00000213,2009-08-20,2019-10-29,38727,0,00000213,00000867
00000214,2003-08-08,2018-08-02,26638,0,00000214,00000895
00000215,2009-03-06,2016-06-25,30393,0,00000215,00000577
00000216,2000-05-24,2010-07-05,374,0,00000216,00000379
00000217,2002-10-26,2011-08-14,41863,0,00000217,00000413
00000218,2009-04-03,2021-12-02,3539,1,00000218,00000817
00000219,2002-11-13,2019-12-15,45980,0,00000219,00000831
00000220,2009-09-25,2020-12-19,41795,1,00000220,00000339
00000221,2004-05-29,2022-03-01,13564,0,00000221,00000111
00000222,2008-11-27,2018-06-27,35264,1,00000222,00000380
00000223,2002-07-14,2015-07-04,17435,1,00000223,00000571
00000224,2008-11-05,2012-03-15,2030,1,00000224,00000782
00000225,2000-08-03,2015-04-08,32470,0,00000225,00000876
00000226,2008-01-06,2018-01-22,29518,0,00000226,00000596
00000227,2009-11-21,2016-04-18,9451,0,00000227,00000426
00000228,2003-12-02,2012-01-18,19428,0,00000228,00000222
00000229,2004-05-31,2010-07-05,36909,1,00000229,00000589
00000230,2002-05-02,2019-05-07,24827,1,00000230,00000250
00000231,2003-08-29,2022-03-17,10662,1,00000231,00000818
00000232,2003-04-10,2012-05-21,23165,1,00000232,00000998
00000233,2008-11-26,2012-08-23,10334,0,00000233,00000078
00000234,2008-08-02,2010-03-20,19244,0,00000234,00000827
00000235,2009-01-30,2016-08-04,21948,1,00000235,00000752
00000236,2004-11-24,2017-02-16,2836,1,00000236,00000073
00000237,2003-08-05,2014-11-11,49997,0,00000237,00000920
00000238,2003-07-20,2017-11-29,7074,0,00000238,00000040
00000239,2003-06-06,2016-06-15,29043,0,00000239,00000683
00000240,2000-02-13,2014-11-24,5590,1,00000240,00000544
00000241,2000-12-10,2010-12-15,16351,0,00000241,00000866
00000242,2002-02-25,2017-03-25,2780,0,00000242,00000561
00000243,2003-07-30,2019-09-14,23538,0,00000243,00000484
00000244,2003-10-11,2019-01-14,22902,1,00000244,00000325
00000245,2003-07-28,2021-11-15,39584,1,00000245,00000482
00000246,2005-09-22,2021-02-14,32057,1,00000246,00000466
00000247,2004-10-14,2011-10-04,11967,1,00000247,00000633
00000248,2007-12-21,2015-02-13,9558,1,00000248,00000654
00000249,2004-09-23,2012-05-10,24279,0,00000249,00000579
00000250,2001-08-19,2018-07-26,25268,0,00000250,00000293
00000251,2000-06-06,2013-09-26,46460,0,00000251,00000311
00000252,2003-08-12,2010-08-21,19226,1,00000252,00000300
00000253,2001-01-03,2014-07-06,8875,1,00000253,00000189
00000254,2003-01-31,2011-02-14,22488,1,00000254,00000921
00000255,2001-05-04,2013-11-20,39589,0,00000255,00000455
00000256,2002-10-27,2010-07-08,11160,0,00000256,00000642
00000257,2000-11-23,2012-02-03,25405,0,00000257,00000318
00000258,2003-05-23,2011-07-27,41101,1,00000258,00000806
00000259,2002-07-08,2012-08-25,26722,1,00000259,00000518
00000260,2001-06-14,2019-04-03,45408,1,00000260,00000071
00000261,2009-09-04,2020-01-07,9914,0,00000261,00000717
00000262,2001-06-30,2014-12-22,46044,1,00000262,00000051
00000263,2001-07-21,2017-12-31,27306,0,00000263,00000110
00000264,2006-11-13,2015-04-19,29097,0,00000264,00000066
00000265,2004-10-01,2015-12-25,12389,1,00000265,00000061
00000266,2005-06-30,2020-07-03,29046,1,00000266,00000388
00000267,2005-07-10,2015-07-12,33493,1,00000267,00000114
00000268,2000-10-26,2010-02-06,41859,0,00000268,00000866
00000269,2001-09-10,2016-05-16,43265,1,00000269,00000149
00000270,2004-05-05,2021-06-18,36938,1,00000270,00000408
00000271,2001-11-02,2012-05-28,34928,1,00000271,00000764
00000272,2003-03-17,2018-08-04,19613,1,00000272,00000645
00000273,2009-09-20,2020-12-07,1229,1,00000273,00000372
00000274,2000-03-06,2015-07-23,34450,0,00000274,00000321
00000275,2007-01-27,2013-04-08,7828,0,00000275,00000063
00000276,2008-08-26,2012-11-01,31975,0,00000276,00000703
00000277,2007-12-02,2012-05-15,22497,0,00000277,00000118
00000278,2002-02-19,2018-01-11,2303,1,00000278,00000083
00000279,2002-09-04,2016-07-17,12566,1,00000279,00000497
00000280,2009-04-09,2016-12-26,21499,1,00000280,00000700
00000281,2007-04-22,2012-09-29,12387,0,00000281,00000723
00000282,2009-10-20,2018-11-27,29515,0,00000282,00000786
00000283,2004-12-30,2021-09-01,1626,0,00000283,00000852
00000284,2008-05-16,2012-01-24,26045,1,00000284,00000194
00000285,2002-07-20,2019-12-24,24161,1,00000285,00000817
00000286,2000-02-10,2017-05-23,30979,1,00000286,00000265
00000287,2009-01-15,2019-08-05,30320,1,00000287,00000802
00000288,2000-01-09,2020-10-25,49103,1,00000288,00000583
00000289,2002-12-02,2011-01-20,15604,0,00000289,00000571
00000290,2005-03-09,2016-11-04,18716,0,00000290,00000850
00000291,2002-09-29,2020-12-15,24279,0,00000291,00000873
00000292,2008-04-17,2010-03-01,22534,1,00000292,00000100
00000293,2006-03-14,2022-04-01,19558,1,00000293,00000392
00000294,2003-11-07,2014-04-30,31535,0,00000294,00000603
00000295,2000-10-18,2011-12-04,16498,0,00000295,00000125
00000296,2004-07-03,2020-06-08,10429,1,00000296,00000521
00000297,2007-06-06,2013-01-08,35958,1,00000297,00000989
00000298,2005-04-05,2012-02-20,20538,0,00000298,00000200
00000299,2001-06-23,2012-08-22,36822,0,00000299,00000085
00000300,2002-02-14,2015-03-31,7412,0,00000300,00000342
00000301,2001-04-30,2021-04-10,14978,0,00000301,00000282
00000302,2005-09-21,2021-01-22,5768,1,00000302,00000544
00000303,2008-04-23,2010-10-01,34186,0,00000303,00000990
00000304,2008-10-31,2020-06-29,21557,1,00000304,00000252
00000305,2002-07-29,2018-02-24,18922,1,00000305,00000287
00000306,2001-09-29,2016-06-02,22922,0,00000306,00000070
00000307,2005-08-24,2011-04-11,3142,0,00000307,00000619
00000308,2007-10-07,2018-04-13,21312,1,00000308,00000895
00000309,2006-07-21,2020-11-04,31216,1,00000309,00000228
00000310,2003-02-18,2014-05-17,3845,1,00000310,00000878
00000311,2000-09-28,2011-11-06,14644,0,00000311,00000759
00000312,2008-11-25,2020-03-24,38424,1,00000312,00000112
00000313,2005-03-25,2019-08-05,19142,0,00000313,00000664
00000314,2000-04-14,2014-10-08,46872,1,00000314,00000383
00000315,2003-09-24,2010-12-13,5606,0,00000315,00000625
00000316,2009-04-04,2010-11-01,16545,1,00000316,00000237
00000317,2004-02-25,2013-07-31,38437,1,00000317,00000627
00000318,2004-09-13,2019-03-24,41656,1,00000318,00000471
00000319,2000-02-03,2010-06-30,46241,0,00000319,00000686
00000320,2005-04-22,2018-09-24,38562,1,00000320,00000145
00000321,2008-02-24,2012-01-07,29637,1,00000321,00000364
00000322,2007-12-13,2011-03-06,24528,1,00000322,00000103
00000323,2006-12-24,2019-06-28,21723,0,00000323,00000268
00000324,2000-10-30,2014-07-29,17881,1,00000324,00000094
00000325,2006-01-21,2014-02-27,32151,1,00000325,00000862
00000326,2006-01-04,2011-05-23,5754,0,00000326,00000519
00000327,2008-12-16,2016-12-29,29448,1,00000327,00000407
00000328,2008-01-03,2010-06-29,38938,0,00000328,00000864
00000329,2003-03-27,2020-10-11,45113,0,00000329,00000004
00000330,2008-10-27,2016-09-26,6756,0,00000330,00000240
00000331,2008-11-01,2019-05-26,16264,1,00000331,00000626
00000332,2009-07-09,2021-07-27,38339,1,00000332,00000272
00000333,2003-10-14,2021-10-27,5144,0,00000333,00000728
00000334,2008-06-10,2012-02-15,44466,1,00000334,00000695
00000335,2008-02-07,2015-05-06,26707,0,00000335,00000379
00000336,2003-02-04,2021-12-31,3827,1,00000336,00000942
00000337,2009-08-29,2010-04-01,31256,1,00000337,00000624
00000338,2004-06-17,2019-07-01,25109,0,00000338,00000472
00000339,2003-01-17,2012-05-11,29207,1,00000339,00000587
00000340,2007-07-06,2020-06-11,46987,0,00000340,00000488
00000341,2002-05-02,2010-06-01,28375,1,00000341,00000910
00000342,2005-01-19,2019-07-06,49681,0,00000342,00000272
00000343,2006-07-17,2021-09-08,9667,0,00000343,00000793
00000344,2000-11-25,2021-03-11,27087,1,00000344,00000587
00000345,2003-11-24,2015-02-15,20646,0,00000345,00000002
00000346,2007-07-23,2022-02-14,38332,1,00000346,00000768
00000347,2001-04-23,2022-04-04,32795,0,00000347,00000766
00000348,2009-06-13,2014-02-07,30054,0,00000348,00000427
00000349,2009-05-30,2017-09-08,44099,1,00000349,00000126
00000350,2002-07-18,2017-03-01,37290,0,00000350,00000887
00000351,2003-07-21,2020-10-03,42292,1,00000351,00000913
00000352,2004-01-07,2020-07-27,25604,1,00000352,00000729
00000353,2003-01-15,2017-04-19,38779,0,00000353,00000161
00000354,2007-05-23,2019-06-26,47888,0,00000354,00000664
00000355,2000-05-10,2020-02-28,33227,0,00000355,00000798
00000356,2000-10-26,2011-03-01,48830,0,00000356,00000904
00000357,2001-07-04,2010-01-26,28069,1,00000357,00000450
00000358,2008-10-03,2019-07-20,10147,0,00000358,00000277
00000359,2001-02-24,2011-04-14,49531,0,00000359,00000860
00000360,2003-03-07,2020-07-28,43888,0,00000360,00000363
00000361,2005-11-22,2018-04-25,26534,1,00000361,00000399
00000362,2000-09-29,2013-06-18,7522,0,00000362,00000034
00000363,2002-04-05,2011-03-15,4473,1,00000363,00000811
00000364,2002-08-14,2017-04-20,44343,0,00000364,00000858
00000365,2009-03-18,2017-05-19,47123,1,00000365,00000057
00000366,2007-12-27,2018-05-05,40254,0,00000366,00000163
00000367,2008-03-21,2020-01-15,20038,0,00000367,00000674
00000368,2002-01-06,2019-09-26,30849,0,00000368,00000130
00000369,2008-09-29,2020-11-26,26088,1,00000369,00000170
00000370,2004-10-05,2016-03-23,2020,0,00000370,00000430
00000371,2009-11-20,2019-10-19,49467,1,00000371,00000129
00000372,2000-06-05,2019-09-17,11194,0,00000372,00000170
00000373,2000-01-04,2017-12-09,28220,1,00000373,00000282
00000374,2005-02-09,2020-02-28,36151,1,00000374,00000154
00000375,2000-11-27,2011-06-14,30112,0,00000375,00000915
00000376,2003-06-03,2019-03-22,43926,1,00000376,00000746
00000377,2006-05-11,2019-04-14,18961,0,00000377,00000173
00000378,2000-09-02,2020-11-16,25001,0,00000378,00000471
00000379,2000-02-09,2020-01-21,26898,1,00000379,00000964
00000380,2003-08-28,2012-01-31,47997,0,00000380,00000283
00000381,2002-02-18,2018-01-26,6997,0,00000381,00000459
00000382,2004-04-05,2014-04-08,48293,0,00000382,00000113
00000383,2008-12-23,2019-06-28,7980,1,00000383,00000460
00000384,2000-04-16,2018-07-15,15808,0,00000384,00000080
00000385,2008-05-28,2018-03-21,4832,1,00000385,00000210
00000386,2002-12-25,2012-06-03,36989,0,00000386,00000923
00000387,2007-04-15,2020-11-26,13948,1,00000387,00000204
00000388,2000-05-27,2014-05-23,15845,1,00000388,00000896
00000389,2007-08-06,2015-04-23,28072,0,00000389,00000184
00000390,2000-05-27,2018-07-16,20075,1,00000390,00000406
00000391,2001-03-18,2016-06-30,19689,0,00000391,00001000
00000392,2005-04-03,2017-12-28,41971,1,00000392,00000606
00000393,2005-10-26,2010-11-29,16365,1,00000393,00000379
00000394,2008-07-13,2016-03-24,42725,0,00000394,00000806
00000395,2007-04-10,2012-04-19,40459,1,00000395,00000567
00000396,2007-01-31,2021-12-18,24691,0,00000396,00000854
00000397,2003-02-20,2018-08-11,26255,0,00000397,00000244
00000398,2008-08-07,2018-10-04,8992,0,00000398,00000616
00000399,2000-05-05,2017-04-01,46031,0,00000399,00000769
00000400,2004-06-16,2014-01-22,38242,0,00000400,00000913
00000401,2003-08-19,2012-01-24,1680,1,00000401,00000269
00000402,2005-08-23,2016-05-05,24392,1,00000402,00000194
00000403,2004-10-15,2010-07-08,29896,0,00000403,00000784
00000404,2008-09-13,2021-01-30,18594,1,00000404,00000211
00000405,2006-06-21,2018-12-20,2833,1,00000405,00000584
00000406,2002-02-17,2018-03-11,48857,1,00000406,00000289
00000407,2002-04-09,2016-02-20,30150,0,00000407,00000588
00000408,2002-03-11,2015-01-04,1062,0,00000408,00000208
00000409,2002-02-22,2014-02-05,30713,0,00000409,00000022
00000410,2003-02-08,2012-10-08,38495,1,00000410,00000665
00000411,2008-12-06,2017-01-21,22378,1,00000411,00000606
00000412,2005-05-16,2010-11-19,6885,1,00000412,00000179
00000413,2003-05-19,2020-01-26,27470,1,00000413,00000691
00000414,2000-04-17,2020-01-02,10933,1,00000414,00000752
00000415,2008-07-18,2012-08-30,10551,1,00000415,00000243
00000416,2008-04-20,2020-08-27,35791,1,00000416,00000739
00000417,2008-06-03,2011-10-02,19571,1,00000417,00000043
00000418,2009-02-09,2018-12-26,15018,0,00000418,00000832
00000419,2003-01-14,2012-04-18,8631,1,00000419,00000819
00000420,2006-01-31,2021-06-28,2251,1,00000420,00000635
00000421,2008-01-14,2012-09-16,41623,1,00000421,00000940
00000422,2009-08-30,2021-02-20,36851,0,00000422,00000701
00000423,2008-07-29,2020-12-29,28548,0,00000423,00000698
00000424,2000-08-02,2010-03-16,25101,1,00000424,00000738
00000425,2002-04-06,2018-01-10,23743,1,00000425,00000309
00000426,2004-04-23,2019-06-01,31686,1,00000426,00000563
00000427,2002-03-18,2013-09-18,43482,1,00000427,00000866
00000428,2004-02-20,2020-06-25,5726,0,00000428,00000556
00000429,2006-12-14,2013-03-25,40662,1,00000429,00000375
00000430,2005-08-18,2016-07-24,35101,1,00000430,00000800
00000431,2008-04-11,2016-11-26,33555,0,00000431,00000974
00000432,2009-06-10,2011-04-17,21731,0,00000432,00000051
00000433,2009-01-14,2020-12-30,19298,0,00000433,00000513
00000434,2006-08-21,2020-04-11,18913,0,00000434,00000227
00000435,2002-05-20,2020-07-05,25364,1,00000435,00000513
00000436,2004-09-27,2018-07-02,32325,1,00000436,00000196
00000437,2009-09-22,2011-02-27,23623,1,00000437,00000868
00000438,2000-04-01,2020-07-24,42990,0,00000438,00000732
00000439,2003-11-03,2019-08-11,3922,0,00000439,00000322
00000440,2008-09-10,2017-06-21,30356,0,00000440,00000011
00000441,2009-05-28,2015-10-26,20110,0,00000441,00000959
00000442,2008-04-28,2021-01-11,5138,1,00000442,00000609
00000443,2007-01-15,2014-05-26,46140,1,00000443,00000993
00000444,2003-03-24,2015-10-14,8635,1,00000444,00000572
00000445,2000-07-20,2021-09-18,37454,0,00000445,00000090
00000446,2000-02-12,2010-03-20,14709,0,00000446,00000523
00000447,2000-07-16,2012-08-11,14324,0,00000447,00000070
00000448,2000-10-25,2010-02-15,23201,1,00000448,00000514
00000449,2007-10-02,2014-05-12,32230,0,00000449,00000277
00000450,2004-04-30,2019-11-17,26073,1,00000450,00000097
00000451,2004-11-25,2011-10-20,47848,1,00000451,00000617
00000452,2001-09-20,2015-06-20,14056,0,00000452,00000197
00000453,2005-09-15,2016-01-23,10212,1,00000453,00000209
00000454,2001-04-21,2014-02-16,1486,0,00000454,00000219
00000455,2007-04-03,2018-12-31,6164,0,00000455,00000035
00000456,2007-02-22,2019-10-05,17162,1,00000456,00000517
00000457,2009-08-21,2012-03-15,39790,0,00000457,00000460
00000458,2004-09-16,2014-12-24,36691,1,00000458,00000175
00000459,2001-03-26,2019-02-04,20753,0,00000459,00000040
00000460,2002-06-01,2017-12-28,28148,0,00000460,00000349
00000461,2002-05-28,2021-04-03,1738,1,00000461,00000572
00000462,2009-10-06,2010-08-30,13629,1,00000462,00000892
00000463,2005-09-16,2016-05-16,47127,1,00000463,00000940
00000464,2001-06-28,2011-04-30,21955,0,00000464,00000403
00000465,2006-11-09,2011-08-24,17031,1,00000465,00000554
00000466,2004-03-25,2020-01-15,22927,1,00000466,00000047
00000467,2007-01-18,2019-08-10,19869,1,00000467,00000839
00000468,2000-03-29,2010-05-03,40978,0,00000468,00000117
00000469,2002-08-06,2010-04-23,11497,1,00000469,00000320
00000470,2006-09-27,2017-11-28,5806,1,00000470,00000659
00000471,2008-11-09,2016-02-11,26189,0,00000471,00000664
00000472,2001-05-21,2010-03-26,25206,1,00000472,00000943
00000473,2004-12-05,2018-09-20,44225,1,00000473,00000123
00000474,2004-05-31,2016-11-04,28027,0,00000474,00000917
00000475,2005-05-01,2017-01-07,10701,1,00000475,00000835
00000476,2009-03-11,2016-10-31,34609,1,00000476,00000427
00000477,2004-02-07,2019-08-29,41585,0,00000477,00000484
00000478,2000-02-29,2011-12-15,37019,0,00000478,00000911
00000479,2009-10-12,2021-04-22,45015,1,00000479,00000844
00000480,2005-12-25,2010-05-11,11232,0,00000480,00000850
00000481,2000-01-05,2017-06-26,33018,1,00000481,00000269
00000482,2003-06-03,2021-02-18,25334,1,00000482,00000029
00000483,2009-03-31,2016-10-14,40061,0,00000483,00000054
00000484,2004-01-09,2020-10-11,35580,0,00000484,00000891
00000485,2005-03-27,2015-01-08,5258,1,00000485,00000811
00000486,2006-08-20,2021-12-19,32648,1,00000486,00000839
00000487,2006-01-04,2020-01-02,36522,1,00000487,00000555
00000488,2006-07-12,2017-09-14,46373,1,00000488,00000052
00000489,2004-11-23,2010-06-18,15281,0,00000489,00000698
00000490,2007-03-23,2011-07-18,24299,0,00000490,00000685
00000491,2009-02-09,2021-10-14,37972,0,00000491,00000988
00000492,2000-06-25,2010-07-09,2707,1,00000492,00000811
00000493,2009-11-20,2016-04-01,5189,0,00000493,00000267
00000494,2000-05-07,2011-07-28,31713,0,00000494,00000659
00000495,2003-06-24,2018-07-07,46058,0,00000495,00000484
00000496,2004-04-06,2020-10-04,1474,0,00000496,00000049
00000497,2002-09-15,2018-08-08,17242,1,00000497,00000769
00000498,2000-03-05,2017-04-16,23149,0,00000498,00000379
00000499,2008-02-15,2021-10-25,48360,1,00000499,00000379
00000500,2008-10-22,2021-12-12,28642,0,00000500,00000427
00000501,2003-02-02,2020-05-21,44668,0,00000501,00000478
00000502,2005-09-20,2012-03-04,37413,0,00000502,00000543
00000503,2008-02-09,2021-04-02,16685,1,00000503,00000834
00000504,2003-09-10,2013-12-24,1108,1,00000504,00000401
00000505,2001-09-13,2011-11-10,24450,1,00000505,00000834
00000506,2004-11-09,2021-01-03,16504,0,00000506,00000285
00000507,2006-04-16,2011-12-16,20484,1,00000507,00000282
00000508,2007-08-03,2013-01-09,49679,0,00000508,00000714
00000509,2007-03-18,2021-02-21,22660,0,00000509,00000596
00000510,2003-12-02,2015-03-22,45491,1,00000510,00000913
00000511,2009-09-22,2022-02-04,45466,1,00000511,00000605
00000512,2002-02-22,2010-04-19,16156,0,00000512,00000829
00000513,2006-08-18,2015-06-06,16824,0,00000513,00000922
00000514,2005-08-22,2012-02-24,45516,1,00000514,00000822
00000515,2009-04-19,2019-11-08,19669,1,00000515,00000644
00000516,2004-04-22,2014-11-19,15154,0,00000516,00000615
00000517,2003-11-07,2018-02-11,21894,0,00000517,00000355
00000518,2002-12-25,2013-11-16,32639,1,00000518,00000373
00000519,2009-03-13,2021-02-25,32292,1,00000519,00000128
00000520,2002-12-27,2020-10-28,18371,1,00000520,00000755
00000521,2008-06-04,2014-06-17,2171,0,00000521,00000281
00000522,2008-11-24,2020-07-30,33390,0,00000522,00000468
00000523,2001-10-20,2017-10-30,1980,1,00000523,00000267
00000524,2008-11-22,2010-07-31,19846,0,00000524,00000643
00000525,2005-03-17,2018-05-21,27538,0,00000525,00000588
00000526,2001-11-08,2020-04-15,18901,1,00000526,00000174
00000527,2004-12-27,2019-09-28,28432,0,00000527,00000869
00000528,2003-04-02,2022-01-30,5690,1,00000528,00000379
00000529,2000-05-27,2014-04-06,7860,1,00000529,00000281
00000530,2003-08-13,2018-01-04,29566,1,00000530,00000075
00000531,2007-07-28,2016-09-27,29340,1,00000531,00000552
00000532,2007-04-14,2015-02-07,14975,1,00000532,00000451
00000533,2001-03-15,2016-12-10,43372,1,00000533,00000806
00000534,2007-12-11,2014-04-27,34201,1,00000534,00000290
00000535,2003-07-10,2015-12-12,32671,1,00000535,00000400
00000536,2003-08-10,2013-06-15,11474,0,00000536,00000184
00000537,2002-05-06,2020-04-15,11976,1,00000537,00000519
00000538,2003-04-29,2018-04-01,44967,0,00000538,00000218
00000539,2006-03-29,2021-01-26,622,0,00000539,00000689
00000540,2005-08-21,2013-09-14,2398,1,00000540,00000322
00000541,2008-03-29,2017-05-22,497,1,00000541,00000472
00000542,2005-06-08,2021-10-15,32120,0,00000542,00000638
00000543,2003-12-14,2018-04-23,17174,0,00000543,00000816
00000544,2001-11-07,2021-02-24,8474,0,00000544,00000528
00000545,2007-01-12,2011-12-01,29312,1,00000545,00000350
00000546,2005-12-23,2021-07-14,31565,1,00000546,00000821
00000547,2000-04-14,2014-03-25,32002,0,00000547,00000014
00000548,2002-09-29,2019-03-29,19202,1,00000548,00000042
00000549,2008-06-05,2017-04-13,32638,1,00000549,00000123
00000550,2009-10-19,2013-06-29,44528,1,00000550,00000318
00000551,2003-12-01,2012-12-21,1320,1,00000551,00000158
00000552,2007-07-25,2018-01-27,19265,0,00000552,00000983
00000553,2006-12-29,2016-12-11,38654,0,00000553,00000098
00000554,2008-04-04,2012-01-30,47538,0,00000554,00000939
00000555,2002-08-10,2012-01-12,48417,1,00000555,00000399
00000556,2007-06-29,2013-12-30,48503,0,00000556,00000984
00000557,2004-02-10,2017-01-16,48679,0,00000557,00000099
00000558,2005-09-18,2017-11-20,20711,1,00000558,00000129
00000559,2001-06-15,2011-03-29,45150,0,00000559,00000116
00000560,2005-11-08,2017-12-08,40831,1,00000560,00000043
00000561,2005-07-10,2019-12-19,14619,0,00000561,00000130
00000562,2003-09-28,2018-03-09,25374,0,00000562,00000540
00000563,2006-12-17,2016-10-22,35305,1,00000563,00000085
00000564,2009-10-22,2018-01-24,24031,0,00000564,00000551
00000565,2001-06-13,2015-02-04,43809,0,00000565,00000504
00000566,2003-08-31,2011-12-17,42628,1,00000566,00000461
00000567,2006-03-06,2021-08-25,28435,1,00000567,00000281
00000568,2009-02-28,2019-08-25,4432,1,00000568,00000295
00000569,2005-06-29,2017-06-07,34846,0,00000569,00000394
00000570,2003-05-09,2018-01-20,30886,0,00000570,00000514
00000571,2003-12-13,2014-03-12,31310,1,00000571,00000381
00000572,2000-10-27,2011-10-14,14610,1,00000572,00000554
00000573,2009-03-03,2021-03-16,38413,1,00000573,00000534
00000574,2000-10-27,2013-01-13,32705,1,00000574,00000687
00000575,2001-07-27,2016-01-29,32567,1,00000575,00000844
00000576,2004-06-06,2012-10-21,6579,0,00000576,00000095
00000577,2008-06-04,2014-04-10,11704,1,00000577,00000004
00000578,2004-10-20,2018-05-10,25384,1,00000578,00000960
00000579,2004-06-06,2018-09-05,2183,0,00000579,00000897
00000580,2000-05-08,2015-03-31,13974,0,00000580,00000226
00000581,2000-09-13,2021-01-08,97,0,00000581,00000544
00000582,2001-07-04,2016-02-20,5176,1,00000582,00000286
00000583,2000-01-21,2015-05-28,5742,1,00000583,00000236
00000584,2001-04-08,2014-06-04,27999,0,00000584,00000695
00000585,2003-10-05,2010-09-17,34984,1,00000585,00000010
00000586,2000-12-23,2021-11-09,24185,0,00000586,00000041
00000587,2006-06-24,2019-04-01,36784,0,00000587,00000223
00000588,2008-01-06,2016-05-11,26386,0,00000588,00000702
00000589,2002-06-25,2016-05-21,9876,0,00000589,00000160
00000590,2006-02-01,2020-02-06,43577,1,00000590,00000705
00000591,2007-03-26,2011-07-29,4264,0,00000591,00000182
00000592,2001-10-09,2020-12-16,12303,0,00000592,00000262
00000593,2008-03-27,2017-07-13,7584,0,00000593,00000628
00000594,2007-04-20,2019-01-01,23928,0,00000594,00000485
00000595,2006-07-15,2014-05-29,43767,0,00000595,00000551
00000596,2000-11-04,2012-03-19,40051,1,00000596,00000244
00000597,2008-12-22,2020-07-02,4794,1,00000597,00000769
00000598,2006-02-18,2017-01-05,20122,1,00000598,00000972
00000599,2009-04-12,2011-04-02,36666,1,00000599,00000938
00000600,2000-03-24,2015-07-16,8182,0,00000600,00000362
00000601,2007-05-18,2013-01-29,49768,0,00000601,00000162
00000602,2008-05-19,2018-05-10,1140,1,00000602,00000782
00000603,2003-07-18,2018-10-16,46342,0,00000603,00000429
00000604,2006-09-03,2018-07-27,42935,1,00000604,00000856
00000605,2005-11-19,2017-05-14,5475,0,00000605,00000594
00000606,2000-07-09,2011-08-26,39020,0,00000606,00000227
00000607,2004-04-11,2015-03-15,34590,1,00000607,00000045
00000608,2005-08-31,2012-06-22,9940,1,00000608,00000023
00000609,2008-06-16,2010-05-19,44498,1,00000609,00000357
00000610,2001-10-04,2013-09-11,6236,1,00000610,00000800
00000611,2000-04-01,2018-09-11,24988,1,00000611,00000388
00000612,2006-04-06,2010-08-03,1667,0,00000612,00000429
00000613,2007-03-30,2017-05-17,8407,0,00000613,00000657
00000614,2006-05-22,2018-09-03,24434,0,00000614,00000412
00000615,2009-09-19,2018-02-02,24658,0,00000615,00000890
00000616,2006-04-29,2014-02-09,4737,0,00000616,00000060
00000617,2001-12-28,2017-07-11,31995,1,00000617,00000166
00000618,2008-11-23,2016-04-05,48708,1,00000618,00000228
00000619,2004-08-20,2017-05-02,42241,1,00000619,00000123
00000620,2002-10-11,2016-01-24,43526,0,00000620,00000163
00000621,2003-07-16,2010-09-13,49752,0,00000621,00000126
00000622,2008-01-30,2012-04-24,38053,1,00000622,00000917
00000623,2006-05-06,2011-08-09,30221,0,00000623,00000997
00000624,2007-12-15,2020-03-24,5250,1,00000624,00000120
00000625,2002-09-14,2014-11-12,26625,1,00000625,00000292
00000626,2008-08-12,2010-10-26,42705,0,00000626,00000086
00000627,2006-11-02,2015-03-06,1783,1,00000627,00000089
00000628,2000-11-06,2021-04-18,10664,0,00000628,00000427
00000629,2007-07-26,2017-02-23,15247,1,00000629,00000182
00000630,2005-05-24,2017-08-28,8863,1,00000630,00000667
00000631,2008-01-13,2014-05-06,45870,0,00000631,00000763
00000632,2007-01-16,2015-07-11,39351,1,00000632,00000394
00000633,2008-02-19,2022-02-13,38833,1,00000633,00000091
00000634,2006-10-26,2019-08-05,24174,1,00000634,00000080
00000635,2003-10-03,2012-10-14,11578,0,00000635,00000878
00000636,2008-06-03,2021-08-08,24869,0,00000636,00000568
00000637,2007-05-06,2016-05-05,28876,0,00000637,00000484
00000638,2008-03-13,2021-07-01,31872,0,00000638,00000190
00000639,2003-02-17,2012-07-18,36256,1,00000639,00000818
00000640,2001-09-03,2020-08-29,703,0,00000640,00000308
00000641,2008-07-03,2012-01-30,28368,1,00000641,00000131
00000642,2008-07-22,2013-06-24,34955,0,00000642,00000520
00000643,2007-07-20,2020-08-14,17672,0,00000643,00000456
00000644,2004-06-20,2010-01-31,20528,0,00000644,00000298
00000645,2007-03-21,2015-07-11,14617,0,00000645,00000116
00000646,2009-02-24,2012-10-13,27617,0,00000646,00000987
00000647,2000-03-14,2011-05-21,29614,0,00000647,00000033
00000648,2004-10-18,2020-01-15,9534,1,00000648,00000284
00000649,2006-06-28,2014-08-26,44220,1,00000649,00000701
00000650,2009-03-25,2021-05-28,20062,0,00000650,00000134
00000651,2002-06-08,2019-01-27,12733,0,00000651,00000929
00000652,2004-01-19,2011-01-04,32175,1,00000652,00000793
00000653,2006-06-14,2017-07-05,11676,0,00000653,00000953
00000654,2008-05-07,2014-03-21,35862,1,00000654,00000298
00000655,2006-12-08,2020-09-08,10473,1,00000655,00000980
00000656,2004-06-29,2011-02-08,19846,0,00000656,00000512
00000657,2007-04-20,2020-10-03,46831,0,00000657,00000212
00000658,2001-05-21,2012-02-01,20097,1,00000658,00000709
00000659,2006-02-28,2010-12-19,31257,1,00000659,00000694
00000660,2007-07-01,2021-07-23,6041,1,00000660,00000032
00000661,2009-06-12,2020-01-29,11515,1,00000661,00000031
00000662,2006-03-13,2011-08-21,35806,0,00000662,00000811
00000663,2007-02-06,2016-09-08,17023,0,00000663,00000919
00000664,2004-07-19,2019-01-22,39546,0,00000664,00000845
00000665,2007-12-08,2020-05-24,37814,0,00000665,00000585
00000666,2009-01-01,2012-02-20,46873,0,00000666,00000382
00000667,2006-01-02,2015-03-02,21701,0,00000667,00000040
00000668,2002-01-09,2013-04-29,28425,0,00000668,00000336
00000669,2008-09-15,2012-10-13,23183,1,00000669,00000855
00000670,2002-02-19,2016-11-14,31082,1,00000670,00000191
00000671,2002-01-10,2010-09-23,37162,1,00000671,00000622
00000672,2001-11-18,2018-06-28,30879,1,00000672,00000277
00000673,2001-07-07,2013-10-02,27791,0,00000673,00000166
00000674,2009-09-05,2013-12-04,10943,1,00000674,00000680
00000675,2009-12-17,2010-09-03,46315,0,00000675,00000856
00000676,2006-03-31,2021-10-05,44923,0,00000676,00000404
00000677,2005-03-14,2010-06-13,43370,0,00000677,00000292
00000678,2007-12-18,2011-08-14,22587,1,00000678,00000793
00000679,2002-04-24,2010-05-09,24017,0,00000679,00000755
00000680,2000-08-07,2017-11-21,256,1,00000680,00000060
00000681,2006-10-08,2011-03-09,43716,0,00000681,00000474
00000682,2008-07-29,2011-04-21,24955,1,00000682,00000990
00000683,2003-09-23,2020-10-08,36963,1,00000683,00000969
00000684,2009-10-06,2014-04-30,25374,0,00000684,00000141
00000685,2001-02-23,2018-06-14,41324,1,00000685,00000152
00000686,2006-02-17,2018-12-17,47850,0,00000686,00000453
00000687,2009-09-19,2016-06-18,26927,0,00000687,00000541
00000688,2008-12-15,2020-08-27,2543,1,00000688,00000514
00000689,2002-03-23,2021-03-09,8322,0,00000689,00000119
00000690,2000-04-05,2016-11-18,47783,1,00000690,00000903
00000691,2003-07-21,2016-07-14,40743,1,00000691,00000150
00000692,2001-08-15,2019-07-28,17282,1,00000692,00000850
00000693,2007-11-19,2017-06-15,14420,0,00000693,00000134
00000694,2009-02-17,2022-01-29,41655,1,00000694,00000772
00000695,2009-11-29,2010-07-09,31459,0,00000695,00000396
00000696,2007-08-03,2013-08-22,37065,1,00000696,00000591
00000697,2009-05-11,2020-11-30,33060,0,00000697,00000287
00000698,2000-12-31,2014-11-04,5871,1,00000698,00000637
00000699,2000-11-30,2020-03-06,1310,0,00000699,00000129
00000700,2007-12-08,2021-03-02,43831,0,00000700,00000626
00000701,2009-05-08,2020-11-16,26585,0,00000701,00000974
00000702,2007-12-30,2018-08-14,16619,1,00000702,00000152
00000703,2008-03-05,2019-04-11,14878,0,00000703,00000954
00000704,2004-11-02,2012-05-07,42502,1,00000704,00000340
00000705,2000-05-27,2010-03-16,16278,0,00000705,00000710
00000706,2007-10-24,2021-08-09,46416,0,00000706,00000515
00000707,2003-04-13,2019-03-31,18742,0,00000707,00000282
00000708,2000-09-18,2018-03-23,43792,1,00000708,00000356
00000709,2007-07-31,2022-04-03,35143,0,00000709,00000942
00000710,2008-06-10,2013-05-10,29517,1,00000710,00000414
00000711,2007-03-20,2018-04-15,1406,1,00000711,00000443
00000712,2000-03-04,2021-05-10,13122,1,00000712,00000633
00000713,2005-05-30,2018-08-17,13804,1,00000713,00000892
00000714,2003-09-11,2017-05-09,21444,0,00000714,00000177
00000715,2004-01-09,2018-06-08,23549,1,00000715,00000409
00000716,2008-02-08,2021-09-01,25468,1,00000716,00000895
00000717,2004-01-18,2015-01-01,4822,0,00000717,00000454
00000718,2005-07-09,2020-03-07,43123,0,00000718,00000848
00000719,2002-06-17,2010-10-26,29448,0,00000719,00000622
00000720,2001-11-10,2017-10-14,42080,0,00000720,00000274
00000721,2008-03-18,2016-04-01,15576,0,00000721,00000265
00000722,2005-08-16,2017-09-30,13626,1,00000722,00000955
00000723,2001-05-30,2015-06-14,49263,0,00000723,00000358
00000724,2008-05-21,2014-07-19,24083,0,00000724,00000503
00000725,2004-09-19,2011-10-24,14780,0,00000725,00000462
00000726,2000-06-01,2018-03-29,13241,1,00000726,00000861
00000727,2006-02-11,2011-04-03,40029,1,00000727,00000112
00000728,2000-01-22,2020-12-29,24368,0,00000728,00000279
00000729,2005-01-28,2018-07-13,4909,1,00000729,00000891
00000730,2004-11-16,2014-02-03,25547,0,00000730,00000348
00000731,2007-06-08,2019-11-21,5735,1,00000731,00000441
00000732,2005-03-14,2018-03-08,28202,1,00000732,00000477
00000733,2005-01-10,2010-12-27,44803,0,00000733,00000860
00000734,2005-12-02,2019-01-03,41791,0,00000734,00000831
00000735,2007-12-24,2015-02-10,19976,1,00000735,00000315
00000736,2008-06-04,2014-10-23,23112,1,00000736,00000963
00000737,2009-11-11,2019-07-25,30217,0,00000737,00000803
00000738,2005-11-28,2018-05-08,30650,0,00000738,00000568
00000739,2002-03-28,2019-02-16,20279,0,00000739,00000308
00000740,2008-10-03,2011-12-14,11814,1,00000740,00000379
00000741,2006-08-11,2011-10-30,2790,0,00000741,00000131
00000742,2003-01-23,2012-03-16,14693,1,00000742,00000065
00000743,2004-11-23,2018-02-14,9471,0,00000743,00000604
00000744,2001-01-22,2017-12-24,21674,0,00000744,00000601
00000745,2001-02-25,2014-11-11,44577,1,00000745,00000562
00000746,2009-04-10,2020-06-26,17607,1,00000746,00000461
00000747,2003-03-12,2011-09-03,21156,1,00000747,00000262
00000748,2002-09-13,2010-11-28,14507,0,00000748,00000670
00000749,2004-12-29,2013-08-12,23241,0,00000749,00000249
00000750,2000-03-15,2020-02-24,1762,1,00000750,00000541
00000751,2003-03-16,2021-07-29,29193,0,00000751,00000409
00000752,2009-05-09,2016-11-20,2246,1,00000752,00000910
00000753,2008-12-14,2019-01-15,5769,1,00000753,00000258
00000754,2009-07-01,2016-12-26,49554,1,00000754,00000865
00000755,2008-01-27,2010-03-21,18190,0,00000755,00000401
00000756,2004-03-09,2020-09-29,9674,1,00000756,00000266
00000757,2000-02-01,2011-01-07,5660,0,00000757,00000817
00000758,2000-06-30,2013-03-15,48147,0,00000758,00000603
00000759,2005-05-30,2021-10-08,46941,1,00000759,00000890
00000760,2000-06-05,2012-07-02,38940,1,00000760,00000540
00000761,2004-11-28,2015-10-15,37406,1,00000761,00000123
00000762,2006-10-20,2011-04-06,6175,0,00000762,00000612
00000763,2002-08-07,2011-07-11,21118,0,00000763,00000875
00000764,2007-10-09,2015-08-02,22624,1,00000764,00000179
00000765,2000-02-07,2021-02-18,3299,1,00000765,00000022
00000766,2000-10-17,2021-10-10,15197,0,00000766,00000441
00000767,2001-11-10,2014-01-24,43605,1,00000767,00000952
00000768,2004-04-25,2021-08-18,23185,0,00000768,00000595
00000769,2000-01-12,2010-05-28,22437,0,00000769,00000481
00000770,2005-07-27,2013-06-08,37175,0,00000770,00000918
00000771,2006-07-07,2012-03-03,1416,1,00000771,00000888
00000772,2000-06-06,2012-09-26,17458,1,00000772,00000181
00000773,2008-01-22,2017-12-05,8777,0,00000773,00000692
00000774,2001-03-13,2021-07-09,8173,1,00000774,00000259
00000775,2000-01-22,2020-06-26,23306,0,00000775,00000298
00000776,2005-08-08,2018-10-19,6112,0,00000776,00000098
00000777,2005-03-16,2016-01-06,32098,0,00000777,00000169
00000778,2004-02-04,2011-12-25,30134,1,00000778,00000353
00000779,2001-11-03,2010-03-18,49833,1,00000779,00000558
00000780,2004-03-11,2011-10-03,39399,1,00000780,00000603
00000781,2001-08-14,2019-05-18,44740,0,00000781,00000366
00000782,2002-03-16,2013-09-25,25914,0,00000782,00000048
00000783,2008-10-06,2017-06-13,41764,0,00000783,00000209
00000784,2000-05-28,2016-01-14,2618,0,00000784,00000026
00000785,2009-09-21,2022-01-27,15616,1,00000785,00000665
00000786,2001-11-26,2011-04-12,42392,1,00000786,00000417
00000787,2001-05-21,2017-09-26,37655,0,00000787,00000420
00000788,2000-04-21,2018-04-27,34353,0,00000788,00000051
00000789,2008-05-28,2017-07-09,36225,0,00000789,00000990
00000790,2008-12-10,2018-09-07,35085,1,00000790,00000647
00000791,2003-04-03,2016-04-06,45434,1,00000791,00000744
00000792,2002-03-28,2014-11-27,48885,1,00000792,00000292
00000793,2002-02-19,2011-08-08,41592,0,00000793,00000020
00000794,2003-05-11,2013-12-21,25100,1,00000794,00000015
00000795,2001-12-12,2011-02-03,18084,0,00000795,00000518
00000796,2007-12-25,2013-02-11,11186,0,00000796,00000238
00000797,2008-10-24,2021-06-17,47399,1,00000797,00000163
00000798,2006-09-23,2019-02-18,16978,1,00000798,00000157
00000799,2000-02-07,2013-02-11,2808,0,00000799,00000032
00000800,2008-03-03,2015-03-07,39352,1,00000800,00000109
00000801,2007-07-09,2017-10-21,24968,1,00000801,00000083
00000802,2009-04-28,2012-05-19,14050,0,00000802,00000917
00000803,2001-02-20,2012-11-29,3180,1,00000803,00000851
00000804,2000-01-19,2020-03-14,4321,1,00000804,00000659
00000805,2006-09-19,2017-06-05,3072,0,00000805,00000945
00000806,2001-11-23,2020-05-12,36828,0,00000806,00000341
00000807,2007-03-31,2018-05-13,7237,1,00000807,00000346
00000808,2004-07-18,2017-02-24,7319,0,00000808,00000273
00000809,2005-11-28,2018-04-12,26848,1,00000809,00000064
00000810,2009-03-05,2015-06-24,11847,1,00000810,00000936
00000811,2005-08-11,2014-02-19,29842,1,00000811,00000223
00000812,2004-09-07,2019-03-02,49564,0,00000812,00000502
00000813,2005-10-19,2016-11-19,31856,1,00000813,00000596
00000814,2004-10-01,2017-07-13,22087,1,00000814,00000569
00000815,2008-11-24,2015-05-28,34476,0,00000815,00000016
00000816,2002-05-06,2012-04-09,41178,0,00000816,00000169
00000817,2000-02-05,2015-02-27,11443,1,00000817,00000759
00000818,2000-04-01,2010-01-10,11986,1,00000818,00000537
00000819,2002-01-09,2017-12-11,11506,0,00000819,00000674
00000820,2008-08-23,2017-04-24,23831,0,00000820,00000742
00000821,2007-05-01,2018-04-02,16643,0,00000821,00000664
00000822,2006-03-29,2012-11-06,32246,1,00000822,00000423
00000823,2009-11-08,2011-09-27,25712,1,00000823,00000989
00000824,2003-06-21,2011-08-20,41777,1,00000824,00000441
00000825,2007-01-14,2013-04-10,5205,0,00000825,00000258
00000826,2004-11-12,2021-05-18,42929,1,00000826,00000829
00000827,2008-05-21,2021-09-17,20310,1,00000827,00000994
00000828,2008-09-01,2012-02-20,7417,0,00000828,00000907
00000829,2001-11-17,2013-11-23,25872,1,00000829,00000126
00000830,2007-03-27,2010-10-17,13177,0,00000830,00000979
00000831,2009-02-13,2013-07-17,23839,1,00000831,00000867
00000832,2001-05-03,2015-10-12,46021,1,00000832,00000588
00000833,2005-09-23,2010-07-18,43332,1,00000833,00000950
00000834,2008-03-09,2019-06-27,47743,1,00000834,00000087
00000835,2009-02-23,2020-02-09,19183,0,00000835,00000564
00000836,2002-08-11,2017-04-19,14363,0,00000836,00000205
00000837,2006-10-11,2021-02-19,25284,0,00000837,00000666
00000838,2004-03-26,2021-05-15,10157,1,00000838,00000560
00000839,2007-10-14,2013-06-27,46576,0,00000839,00000754
00000840,2001-12-13,2011-10-21,23046,0,00000840,00000077
00000841,2002-02-04,2013-10-17,30047,1,00000841,00000768
00000842,2008-04-13,2017-02-06,11840,1,00000842,00000238
00000843,2003-07-03,2011-06-08,28361,0,00000843,00000045
00000844,2000-03-13,2010-01-18,24238,1,00000844,00000280
00000845,2009-02-09,2012-09-13,28073,0,00000845,00000546
00000846,2008-07-04,2019-03-24,7730,1,00000846,00000737
00000847,2003-07-28,2013-10-01,32034,0,00000847,00000466
00000848,2004-12-09,2014-09-06,35270,1,00000848,00000145
00000849,2007-11-06,2021-03-28,2508,0,00000849,00000555
00000850,2000-04-18,2011-08-06,49242,0,00000850,00000532
00000851,2009-07-23,2015-01-27,8504,0,00000851,00000578
00000852,2006-10-06,2011-07-05,46974,0,00000852,00000454
00000853,2003-07-22,2019-08-07,3913,0,00000853,00000131
00000854,2001-09-19,2010-02-16,41622,1,00000854,00000922
00000855,2005-06-06,2015-05-07,15242,1,00000855,00000285
00000856,2005-04-07,2015-03-19,1779,0,00000856,00000680
00000857,2003-10-31,2018-06-25,46947,1,00000857,00000596
00000858,2005-09-05,2010-07-04,40016,0,00000858,00000492
00000859,2005-11-25,2016-07-19,5344,0,00000859,00000687
00000860,2009-04-28,2014-07-06,49302,1,00000860,00000531
00000861,2001-02-28,2021-09-16,42621,0,00000861,00000206
00000862,2004-04-17,2013-11-28,26923,1,00000862,00000968
00000863,2006-06-21,2011-12-14,39026,1,00000863,00000445
00000864,2002-08-12,2014-02-09,3294,1,00000864,00000848
00000865,2007-05-02,2017-11-14,41132,1,00000865,00000200
00000866,2007-03-27,2020-06-29,31493,0,00000866,00000836
00000867,2008-02-06,2015-03-26,19210,1,00000867,00000698
00000868,2003-03-29,2012-04-30,13836,1,00000868,00000217
00000869,2004-06-16,2022-03-04,19402,1,00000869,00000245
00000870,2005-12-06,2018-01-07,49530,1,00000870,00000596
00000871,2009-03-03,2022-02-20,34173,1,00000871,00000805
00000872,2008-05-10,2010-08-17,29779,1,00000872,00000252
00000873,2004-10-29,2011-05-12,4401,1,00000873,00000784
00000874,2001-04-28,2015-04-16,8973,1,00000874,00000003
00000875,2000-07-12,2014-05-07,46136,0,00000875,00000043
00000876,2002-09-27,2016-09-19,8120,0,00000876,00000695
00000877,2009-02-26,2021-07-12,24295,0,00000877,00000004
00000878,2003-12-17,2010-08-20,27712,1,00000878,00000235
00000879,2006-04-19,2017-07-03,20667,0,00000879,00000661
00000880,2008-11-16,2021-06-17,27044,0,00000880,00000647
00000881,2000-06-01,2014-01-26,43886,0,00000881,00000075
00000882,2005-11-02,2019-05-13,7014,1,00000882,00000774
00000883,2008-11-04,2019-03-18,41729,1,00000883,00000008
00000884,2009-02-21,2010-03-26,49570,1,00000884,00000405
00000885,2008-04-30,2019-06-30,513,1,00000885,00000852
00000886,2007-07-02,2020-01-02,24372,0,00000886,00000140
00000887,2009-08-12,2014-01-10,34448,1,00000887,00000965
00000888,2008-05-22,2010-07-18,31769,0,00000888,00000945
00000889,2006-11-25,2011-10-08,30894,1,00000889,00000058
00000890,2009-09-28,2019-04-21,26213,0,00000890,00000407
00000891,2008-03-18,2020-10-29,11385,1,00000891,00000613
00000892,2009-01-27,2014-10-25,12766,0,00000892,00000108
00000893,2004-09-10,2013-05-13,34518,1,00000893,00000633
00000894,2006-11-29,2016-05-28,13517,0,00000894,00000811
00000895,2000-03-05,2014-02-16,37761,1,00000895,00000555
00000896,2006-03-21,2012-11-29,3142,1,00000896,00000590
00000897,2002-03-29,2010-06-06,40744,1,00000897,00000743
00000898,2009-10-10,2011-08-14,21598,0,00000898,00000187
00000899,2003-05-19,2013-08-24,43288,0,00000899,00000915
00000900,2000-09-28,2012-09-09,894,0,00000900,00000874
00000901,2008-03-13,2010-01-18,33310,1,00000901,00000611
00000902,2006-05-23,2012-04-06,3104,1,00000902,00000479
00000903,2009-05-26,2019-04-28,19666,0,00000903,00000434
00000904,2006-12-10,2010-07-18,22183,1,00000904,00000657
00000905,2006-01-19,2020-10-27,22678,0,00000905,00000431
00000906,2005-03-23,2021-07-24,37468,1,00000906,00000179
00000907,2002-05-24,2016-12-27,16505,1,00000907,00000130
00000908,2006-02-27,2015-04-18,44721,0,00000908,00000254
00000909,2004-03-08,2014-09-10,18507,1,00000909,00000791
00000910,2002-01-02,2012-12-10,37117,0,00000910,00000886
00000911,2005-11-17,2021-03-20,2391,1,00000911,00000827
00000912,2004-04-20,2018-05-04,37700,0,00000912,00000214
00000913,2006-10-08,2022-03-13,20180,0,00000913,00000174
00000914,2008-07-29,2020-02-01,9194,0,00000914,00000522
00000915,2006-03-20,2018-09-27,358,0,00000915,00000369
00000916,2003-11-01,2020-10-13,19585,1,00000916,00000321
00000917,2002-01-28,2015-10-25,42375,0,00000917,00000862
00000918,2000-02-24,2020-11-25,7349,1,00000918,00000655
00000919,2001-09-28,2010-04-22,12495,0,00000919,00000225
00000920,2006-12-21,2021-12-22,37743,1,00000920,00000136
00000921,2008-04-23,2011-10-20,42347,0,00000921,00000009
00000922,2008-08-14,2014-04-03,49637,0,00000922,00000629
00000923,2003-04-07,2021-09-23,14447,1,00000923,00000087
00000924,2007-06-09,2013-02-25,30646,1,00000924,00000904
00000925,2008-12-09,2014-06-09,9180,1,00000925,00000384
00000926,2007-12-15,2013-05-18,4893,1,00000926,00000791
00000927,2000-05-13,2013-09-13,11458,1,00000927,00000807
00000928,2005-10-21,2021-02-02,19649,0,00000928,00000274
00000929,2006-03-04,2012-12-09,45767,1,00000929,00000141
00000930,2001-12-20,2018-11-03,47521,0,00000930,00000928
00000931,2006-12-01,2015-07-15,48079,0,00000931,00000629
00000932,2004-02-08,2018-03-10,18221,1,00000932,00000333
00000933,2003-12-27,2012-06-25,34012,1,00000933,00000635
00000934,2007-08-14,2019-09-27,29971,1,00000934,00000795
00000935,2009-05-14,2012-02-26,49061,1,00000935,00000768
00000936,2006-06-07,2013-01-22,807,0,00000936,00000554
00000937,2003-03-20,2022-01-14,25152,0,00000937,00000563
00000938,2003-02-25,2018-01-31,33633,1,00000938,00000890
00000939,2005-04-08,2010-12-03,7135,1,00000939,00000666
00000940,2003-08-22,2020-09-28,13996,0,00000940,00000702
00000941,2000-11-08,2012-01-15,33298,0,00000941,00000699
00000942,2007-12-23,2018-06-10,37190,0,00000942,00000084
00000943,2007-06-25,2018-08-22,37382,0,00000943,00000301
00000944,2004-06-27,2019-12-24,30394,0,00000944,00000266
00000945,2002-06-17,2011-05-18,38479,1,00000945,00000080
00000946,2006-10-03,2018-03-13,17335,1,00000946,00000066
00000947,2008-01-06,2016-05-27,6041,1,00000947,00000506
00000948,2008-02-19,2021-12-11,47519,0,00000948,00000690
00000949,2008-04-06,2018-03-31,8271,1,00000949,00000633
00000950,2004-06-03,2014-02-23,42319,0,00000950,00000178
00000951,2008-12-23,2020-12-04,19170,0,00000951,00000481
00000952,2001-07-10,2015-06-09,27559,1,00000952,00000601
00000953,2005-06-06,2010-09-05,17700,0,00000953,00000518
00000954,2002-04-14,2021-01-13,47665,0,00000954,00000136
00000955,2006-02-07,2014-10-13,9393,0,00000955,00000711
00000956,2002-12-12,2020-12-16,25891,1,00000956,00000293
00000957,2003-08-17,2017-02-01,25800,0,00000957,00000532
00000958,2005-01-18,2017-03-30,41403,1,00000958,00000984
00000959,2008-07-20,2015-10-23,16153,1,00000959,00000103
00000960,2006-04-21,2017-12-05,29466,0,00000960,00000201
00000961,2008-01-19,2012-01-09,34534,0,00000961,00000395
00000962,2008-08-24,2021-12-08,14960,1,00000962,00000086
00000963,2008-03-10,2012-12-25,37147,1,00000963,00000831
00000964,2000-09-07,2018-10-31,44419,1,00000964,00000091
00000965,2007-02-21,2020-04-06,4286,0,00000965,00000437
00000966,2004-07-28,2015-11-17,40078,1,00000966,00000815
00000967,2006-02-20,2012-09-26,39289,1,00000967,00000161
00000968,2006-01-05,2014-07-13,8891,1,00000968,00000845
00000969,2002-12-09,2020-09-15,1491,0,00000969,00000619
00000970,2008-06-16,2018-06-23,25705,1,00000970,00000640
00000971,2001-11-08,2014-06-27,24127,0,00000971,00000221
00000972,2003-10-26,2013-08-03,42043,1,00000972,00000995
00000973,2003-10-30,2016-02-10,14152,0,00000973,00000283
00000974,2002-09-22,2019-02-12,41485,1,00000974,00000871
00000975,2003-09-26,2017-11-16,11452,0,00000975,00000957
00000976,2002-11-01,2011-07-21,4496,1,00000976,00000874
00000977,2009-11-30,2019-07-12,44113,0,00000977,00000678
00000978,2009-12-17,2012-03-26,707,1,00000978,00000071
00000979,2002-07-20,2019-03-28,45338,1,00000979,00000356
00000980,2008-06-04,2016-05-09,26299,0,00000980,00000475
00000981,2007-06-16,2020-09-08,10843,1,00000981,00000441
00000982,2006-07-17,2022-03-20,32743,0,00000982,00000713
00000983,2001-10-31,2012-06-07,29506,1,00000983,00000009
00000984,2003-08-11,2011-07-30,6212,0,00000984,00000379
00000985,2006-04-28,2019-08-24,42342,1,00000985,00000477
00000986,2002-02-24,2014-05-12,43863,0,00000986,00000382
00000987,2007-11-14,2011-08-13,32860,0,00000987,00000927
00000988,2001-02-09,2016-01-10,16348,0,00000988,00000876
00000989,2009-09-05,2013-03-06,36202,0,00000989,00000915
00000990,2001-07-22,2015-08-09,2316,1,00000990,00000543
00000991,2002-02-20,2019-03-04,47975,0,00000991,00000254
00000992,2003-03-05,2011-07-20,14010,1,00000992,00000941
00000993,2007-12-14,2010-09-28,15575,1,00000993,00000163
00000994,2002-03-29,2012-08-29,32092,1,00000994,00000485
00000995,2006-05-12,2014-08-14,2630,0,00000995,00000670
00000996,2006-11-16,2021-02-22,7523,1,00000996,00000850
00000997,2006-09-28,2015-08-24,42723,1,00000997,00000879
00000998,2003-10-22,2021-10-25,16167,1,00000998,00000930
00000999,2003-07-25,2022-02-01,27716,0,00000999,00000224
00001000,2001-05-28,2011-12-16,12444,0,00001000,00000983